{
	"seed": 1698598149,
	"game_mode": 0,
	"debug_mode": true,
	"f5_mode": false,
	"outline": true,
	"render_distance": 10,
	"dayCycle": {"day": 4, "ticks": 15166},
	"camera": {
		"pos": {"x": -9.843543, "y": 73.351608, "z": 174.893936},
		"yaw": 91.136581,
		"pitch": -8.334939,
		"fov": 70.000000,
		"health_points": 20,
		"foodLevel": 20,
		"foodSaturation": 17.000000,
		"touch_ground": true
	},
	"inventory": {
		"slot": 1,
		"content": [[82, 1], [19, 5], [103, 1], [58, 44], [106, 14], [1, 64], [101, 1], [27, 14], [89, 1]],
		"backpack": [[0, 0], [48, 1], [51, 56], [26, 57], [107, 15], [52, 1], [20, 6], [0, 0], [0, 0], [0, 0], [0, 0], [0, 0], [0, 0], [0, 0], [0, 0], [0, 0], [0, 0], [0, 0], [17, 33], [0, 0], [50, 2], [0, 0], [0, 0], [0, 0], [0, 0], [0, 0], [0, 0]],
		"durabilities": [
			{"location": 8, "dura": 34, "max_dura": 59},
			{"location": 2, "dura": 101, "max_dura": 131},
			{"location": 0, "dura": 131, "max_dura": 131}
		]
	},
	"backups": [
		{"pos": [-32, 48],
		"added": [[36752, 5], [40848, 5], [44943, 5], [57487, 17], [57488, 1], [57743, 17], [57744, 1], [57999, 17], [58000, 1], [58255, 17], [58256, 1], [58511, 17], [58512, 1], [61583, 17], [61584, 1], [61839, 17], [61840, 72], [62095, 17], [62096, 73], [62351, 17], [62352, 74], [62606, 17], [62607, 17], [62608, 75], [62862, 73], [62863, 73], [62864, 76], [65423, 19]],
		"removed": [],
		"furnaces": []},
		{"pos": [-32, 64],
		"added": [[19088, 58], [21903, 1], [22159, 4], [22160, 66], [22415, 4], [22416, 66], [22671, 4], [22672, 64], [22927, 4], [22928, 64], [23183, 4], [23184, 66], [23439, 4], [23440, 65], [23695, 4], [23696, 66], [23951, 4], [23952, 65], [25999, 1], [26255, 4], [26256, 68], [26511, 4], [26512, 70], [26767, 4], [26768, 66], [27023, 4], [27024, 64], [27279, 4], [27280, 68], [27535, 4], [27536, 69], [27791, 4], [27792, 69], [28047, 1], [30095, 1], [30351, 4], [30352, 65], [30607, 4], [30608, 65], [30863, 4], [30864, 66], [31119, 4], [31120, 67], [31375, 4], [31376, 65], [31631, 4], [31632, 64], [31887, 4], [31888, 65], [32143, 4], [32144, 67], [32912, 5], [33168, 5], [34191, 1], [34447, 4], [34448, 68], [34703, 17], [34959, 17], [35215, 4], [35216, 66], [35471, 4], [35472, 66], [35727, 4], [35728, 65], [35983, 4], [35984, 69], [36239, 4], [36240, 64], [37008, 5], [37264, 5], [38287, 1], [38543, 4], [38544, 66], [38799, 1], [39055, 4], [39056, 66], [39311, 4], [39312, 66], [39567, 17], [39823, 4], [39824, 65], [40079, 17], [40335, 4], [40336, 66], [41616, 5], [41872, 5], [42128, 5], [42383, 1], [42639, 1], [42895, 4], [42896, 68], [43151, 4], [43152, 66], [43407, 4], [43408, 65], [43663, 4], [43664, 65], [43919, 4], [43920, 67], [44175, 4], [44176, 67], [44431, 4], [44432, 66], [46735, 4], [46736, 68], [46991, 4], [46992, 70], [47247, 4], [47248, 69], [47503, 4], [47504, 68], [47759, 4], [47760, 71], [48015, 4], [48016, 67], [48271, 4], [48272, 68], [48527, 4], [48528, 66], [50063, 5], [50319, 5], [50831, 7684], [50832, 66], [51087, 7684], [51088, 71], [51343, 7684], [51344, 70], [51599, 7684], [51600, 69], [51855, 7684], [51856, 71], [52111, 7684], [52112, 71], [52367, 7684], [52368, 71], [52623, 7684], [52624, 66], [52880, 58], [53903, 17], [53904, 520], [54159, 5], [54415, 5], [54927, 7684], [54928, 68], [55183, 7684], [55184, 70], [55439, 7684], [55440, 68], [55695, 7684], [55696, 69], [55951, 7684], [55952, 68], [56207, 7684], [56208, 69], [56463, 7684], [56464, 71], [56719, 7684], [56720, 71], [58768, 58], [59023, 7684], [59024, 67], [59279, 7684], [59280, 69], [59535, 7684], [59536, 68], [59791, 7684], [59792, 70], [60047, 7684], [60048, 71], [60303, 7684], [60304, 71], [60559, 7684], [60560, 71], [60815, 7684], [60816, 71], [61583, 19], [61839, 19], [62095, 19], [62351, 19], [62607, 19], [62863, 19], [63119, 19], [63375, 19], [63631, 19], [63887, 19], [64143, 19], [64399, 19], [64655, 19], [64911, 19], [65167, 19], [65423, 19]],
		"removed": [[19600], [21904], [24208], [26000], [28048], [30096], [32656], [34192], [34704], [34960], [36496], [38288], [38800], [40592], [42384], [42640], [46480], [49040], [54672], [56976]],
		"furnaces": []},
		{"pos": [-32, 80],
		"added": [[61583, 19]],
		"removed": [],
		"furnaces": []},
		{"pos": [-16, -32],
		"added": [[46754, 19], [46755, 19], [46756, 19], [46757, 19], [46758, 19], [46759, 19], [46760, 19], [46761, 19], [46762, 19], [46763, 19], [46764, 19], [46765, 19], [46766, 19], [46767, 19], [46768, 19], [46769, 19], [46770, 19], [46771, 19], [46772, 19], [46773, 19], [46774, 19], [46775, 19], [46776, 19], [46777, 19], [46778, 19], [46779, 19], [46780, 19], [46781, 19], [46782, 19], [46783, 19], [46784, 19], [46785, 19], [46786, 19], [46787, 19], [46788, 19], [46789, 19], [46790, 19], [46791, 19], [46792, 19], [46793, 19], [46794, 19], [46795, 19], [46796, 19], [46797, 19], [46798, 19], [46799, 19], [46800, 19], [46801, 19], [46802, 19], [46803, 19], [46804, 19], [46805, 19], [46806, 19], [46807, 19], [46808, 19], [46809, 19], [46810, 19], [46811, 19], [46812, 19], [46813, 19], [46814, 19], [46815, 19], [46816, 19], [46817, 19], [46818, 19], [46819, 19], [46820, 19], [46821, 19], [46822, 19], [46823, 19], [46824, 19], [46825, 19], [46826, 19], [46827, 19], [46828, 19], [46829, 19], [46830, 19], [46831, 19], [46832, 19], [46833, 19], [46834, 19], [46835, 19], [46836, 19], [46837, 19], [46838, 19], [46839, 19], [46840, 19], [46841, 19], [46842, 19], [46843, 19], [46844, 19], [46845, 19], [46846, 19], [46847, 19], [61596, 58], [63644, 58], [65180, 58]],
		"removed": [],
		"furnaces": []},
		{"pos": [-16, 32],
		"added": [],
		"removed": [[3727], [16015]],
		"furnaces": []},
		{"pos": [-16, 48],
		"added": [[143, 2], [144, 2], [145, 2], [146, 2], [399, 26], [400, 26], [401, 26], [402, 26], [655, 26], [656, 26], [657, 26], [658, 26], [911, 26], [912, 26], [913, 26], [914, 26], [1167, 2], [1168, 2], [1169, 2], [1170, 2], [3983, 19], [4239, 26], [4240, 26], [4241, 26], [4242, 26], [4495, 19], [4499, 26], [4751, 19], [4755, 26], [5007, 19], [5011, 26], [5263, 26], [5266, 26], [6030, 17], [6031, 40], [6032, 40], [8079, 19], [8335, 26], [8336, 26], [8337, 26], [8338, 26], [8591, 19], [8595, 26], [8847, 19], [8852, 19], [9103, 19], [9107, 26], [9359, 26], [9360, 26], [9361, 26], [9362, 26], [12175, 19], [12431, 26], [12432, 26], [12433, 26], [12434, 26], [12687, 19], [12688, 8], [12691, 26], [12943, 19], [12947, 26], [13199, 19], [13200, 9], [13203, 26], [13455, 26], [13456, 26], [13457, 26], [13458, 26], [14990, 17], [14991, 40], [16271, 19], [16527, 2], [16528, 2], [16529, 2], [16530, 2], [16783, 26], [16784, 26], [16785, 26], [16786, 26], [17039, 26], [17040, 26], [17041, 26], [17042, 26], [17295, 26], [17296, 26], [17297, 26], [17298, 26], [17551, 2], [17552, 2], [17553, 2], [17554, 2], [18575, 40], [18830, 17], [18831, 40], [20367, 19], [23696, 58], [24463, 19], [26766, 17], [26767, 40], [28559, 19], [32655, 19], [36751, 19], [40847, 19], [44943, 19], [49039, 19], [53135, 19], [57231, 19], [61327, 19], [65423, 19]],
		"removed": [[1935], [8596], [16272], [16531], [16787], [20623], [31626], [31627], [31882], [31883], [32138], [32139], [32394], [32395], [32650], [32651], [35722], [35723], [35978], [35979], [36234], [36235], [36490], [36491], [36746], [36747], [44944], [49040], [53136], [57232], [57233], [61328], [61329], [65168], [65424], [65425]],
		"furnaces": [{"pos": 13200, "composant": [0, 0], "fuel": [0, 0], "production": [0, 0]}]},
		{"pos": [-16, 64],