{
	"seed": 1696580158,
	"game_mode": 1,
	"debug_mode": true,
	"f5_mode": false,
	"outline": true,
	"render_distance": 10,
	"camera": {
		"pos": {"x": -4.027705, "y": -197.761093, "z": 145.620041},
		"yaw": 55.252079,
		"pitch": -17.275873,
		"fov": 90.000000,
		"health_points": 0,
		"touch_ground": true
	},
	"inventory": {
		"slot": 3,
		"content": [[19, 1], [51, 3], [49, 2], [0, 0], [24, 2], [17, 4], [0, 0], [0, 0], [0, 0]],
		"backpack": [[0, 0], [0, 0], [0, 0], [0, 0], [0, 0], [0, 0], [0, 0], [0, 0], [0, 0], [0, 0], [0, 0], [0, 0], [0, 0], [0, 0], [0, 0], [0, 0], [0, 0], [0, 0], [0, 0], [0, 0], [0, 0], [0, 0], [0, 0], [0, 0], [0, 0], [0, 0], [0, 0]],
		"durabilities": [
		]
	},
	"backups": [
		{"pos": [-16, -224],
		"orientations": [],
		"added": [[64398, 19], [69006, 19], [73614, 19], [78222, 19]],
		"removed": [[64400, 1], [64401, 1], [69007, 1], [69008, 1], [69009, 1], [73615, 1], [73616, 1], [73617, 1], [78223, 1], [78224, 1], [78225, 1]],
		"furnaces": []},
		{"pos": [-16, -208],
		"orientations": [],
		"added": [[22672, 19], [22673, 19], [22927, 1], [27280, 19], [27281, 19], [41360, 19], [45968, 19], [45969, 19], [50063, 1], [50576, 19], [50577, 19], [54415, 1], [54671, 1], [58767, 1], [59023, 1], [59279, 1], [60302, 19], [63119, 1], [63375, 1], [63631, 1], [63886, 1], [63887, 1], [64910, 19], [68238, 1], [69518, 19], [74126, 19], [78734, 19], [78990, 19], [79246, 19], [79502, 19], [79758, 19], [80014, 19], [80270, 19], [80526, 19], [80782, 19], [81038, 19], [81294, 19], [81550, 19], [81806, 19], [82062, 19], [82318, 19], [82574, 19]],
		"removed": [[31887, 1], [36495, 1], [41103, 1], [41361, 1], [44944, 1], [45456, 1], [60304, 1], [60305, 1], [64911, 1], [64912, 1], [64913, 1], [69519, 1], [69520, 1], [69521, 1], [74127, 1], [74128, 1], [74129, 1], [78735, 1], [78736, 1], [78737, 1], [78991, 1], [78992, 1], [78993, 1], [79247, 1], [79248, 1], [79249, 1], [79503, 1], [79504, 1], [79759, 1], [79760, 1], [80015, 1], [80016, 1], [80271, 1], [80527, 1], [80783, 1]],
		"furnaces": []},
		{"pos": [-16, -192],
		"orientations": [],
		"added": [[18576, 19], [18577, 19], [18831, 1], [23184, 19], [23185, 19], [37264, 19], [41872, 19], [41873, 19], [46480, 19], [46481, 19], [78734, 19]],
		"removed": [[27791, 1], [32399, 1], [37007, 1], [37265, 1]],
		"furnaces": []},
		{"pos": [0, -224],
		"orientations": [],
		"added": [[9102, 19], [13710, 19], [18318, 19], [22925, 19], [22926, 19], [27534, 19], [32142, 19], [36750, 19], [41358, 19], [45966, 19], [50574, 19], [55182, 19], [59790, 19], [64398, 19], [69006, 19], [73614, 19], [78222, 19]],
		"removed": [[9103, 1], [9104, 1], [9105, 1], [13711, 1], [13712, 1], [13713, 1], [18319, 1], [18320, 1], [18321, 1], [22927, 1], [22928, 1], [22929, 1], [27535, 1], [27536, 1], [32143, 1], [32144, 1], [36751, 1], [36752, 1], [41359, 1], [41360, 1], [45967, 1], [50575, 1], [55183, 1], [59791, 1], [64399, 1], [69007, 1], [73615, 1], [78223, 1]],
		"furnaces": []},
		{"pos": [0, -208],
		"orientations": [],
		"added": [[398, 19], [5006, 19], [5262, 19], [5518, 19], [5774, 19], [6030, 19], [6286, 19], [6542, 19], [6798, 19], [7054, 19], [7310, 19], [7566, 19], [7822, 19], [8078, 19], [8334, 19], [8590, 19], [8846, 19], [9102, 19], [9614, 19], [13710, 19], [14222, 19], [18318, 19], [18829, 19], [18830, 19], [22926, 19], [23438, 19], [27534, 19], [28046, 19], [32142, 19], [32654, 19], [36750, 19], [37262, 19], [41358, 19], [41870, 19], [45966, 19], [46478, 19], [50574, 19], [51086, 19], [55182, 19], [55694, 19], [59790, 19], [60302, 19], [64398, 19], [64910, 19], [69006, 19], [69518, 19], [73614, 19], [74126, 19], [74382, 19], [74638, 19], [74894, 19], [75150, 19], [75406, 19], [75662, 19], [75918, 19], [76174, 19], [76430, 19], [76686, 19], [76942, 19], [77198, 19], [77454, 19], [77710, 19], [77966, 19], [78222, 19], [78734, 17]],
		"removed": [[399, 1], [400, 1], [401, 1], [5007, 1], [5008, 1], [5009, 1], [5010, 1], [5263, 1], [5264, 1], [5265, 1], [5519, 1], [5520, 1], [5521, 1], [5775, 1], [5776, 1], [6031, 1], [6032, 1], [6287, 1], [6288, 1], [6289, 1], [6543, 1], [6799, 1], [7055, 1], [9615, 1], [9616, 1], [9617, 1], [14223, 1], [14224, 1], [14225, 1], [18831, 1], [18832, 1], [18833, 1], [23439, 1], [23440, 1], [23441, 1], [28047, 1], [28048, 1], [32655, 1], [32656, 1], [37263, 1], [37264, 1], [37265, 1], [41871, 1], [41872, 1], [46479, 1], [51087, 1], [55695, 1], [60303, 1], [64911, 1], [69519, 1], [74127, 1], [74128, 1], [74383, 1], [78223, 1], [78735, 1]],
		"furnaces": []},
		{"pos": [0, -192],
		"orientations": [],
		"added": [[4750, 19], [5006, 19], [9614, 19], [14222, 19], [18830, 19], [23438, 19], [28046, 19], [32654, 19], [37262, 19], [41870, 19], [46478, 19], [51086, 19], [55694, 19], [60302, 19], [64910, 19], [69518, 19], [73870, 19], [74126, 19], [76429, 19]],
		"removed": [[48524, 1], [74127, 1], [76173, 1], [78734, 1], [81037, 1]],
		"furnaces": []},
		{"pos": [16, -224],
		"orientations": [],
		"added": [[9102, 17], [13710, 17], [18318, 17]],
		"removed": [[9103, 1], [18319, 1]],
		"furnaces": []},
		{"pos": [16, -208],
		"orientations": [],
		"added": [[398, 19], [654, 19], [910, 19], [1166, 19], [1422, 19], [1678, 19], [1934, 19], [2190, 19], [2446, 19], [2702, 19], [2958, 19], [3214, 19], [3470, 19], [3726, 19], [3982, 19], [4238, 19], [5006, 17], [9614, 17], [14222, 17], [14478, 17], [14734, 17], [14989, 1], [14990, 17], [15246, 17], [15502, 17], [15758, 17], [16014, 17], [16270, 17], [16526, 17], [16782, 17], [17038, 17], [17294, 17], [17550, 17]],
		"removed": [[399, 1], [5007, 1], [9102, 1], [10894, 1], [12942, 1], [13710, 1], [14223, 1], [14991, 1], [17806, 1], [18062, 1], [18318, 1], [20366, 1]],
		"furnaces": []},
		{"pos": [16, -192],
		"orientations": [],
		"added": [[398, 19], [2701, 19], [25743, 19], [39566, 19], [57741, 19], [57742, 19], [57997, 19], [58253, 19], [58254, 19], [62349, 19], [62605, 19], [62861, 19], [66957, 19], [66960, 19], [67213, 19], [67469, 19], [67472, 19], [71565, 19], [71568, 19], [71821, 19], [71824, 19], [72077, 19], [72080, 19], [76173, 19], [76176, 19], [76429, 19], [76432, 19], [76685, 19], [76688, 19], [80781, 19], [80784, 19], [81037, 19], [81040, 19], [81293, 19], [81296, 19]],
		"removed": [[399, 1], [5006, 1], [7309, 1], [9614, 1], [11917, 1], [13966, 1], [14222, 1], [25741, 1], [30093, 1], [30349, 1], [30350, 1], [30351, 1], [34701, 1], [34957, 1], [44173, 1], [44174, 1], [44175, 1], [53389, 1], [57743, 1], [57744, 1], [58000, 1], [58255, 1], [58256, 1], [62350, 1], [62352, 1], [62608, 1], [62864, 1], [64140, 1], [67216, 1], [71053, 1], [77453, 1]],
		"furnaces": []},
		{"pos": [32, -192],
		"orientations": [],
		"added": [[2445, 19], [2448, 19], [2701, 19], [2704, 19], [2957, 19], [2960, 19], [7053, 19], [7056, 19], [7309, 19], [7312, 19], [7565, 19], [7568, 19], [11661, 19], [11664, 19], [11917, 19], [11920, 19], [12173, 19], [12176, 19], [16269, 19], [16272, 19], [16525, 19], [16528, 19], [16781, 19], [16784, 19], [20877, 19], [20880, 19], [21133, 19], [21136, 19], [21389, 19], [21392, 19], [25485, 19], [25488, 19], [25741, 19], [25744, 19], [25997, 19], [26000, 19], [30093, 19], [30096, 19], [30349, 19], [30352, 19], [30605, 19], [30608, 19], [34701, 19], [34704, 19], [34957, 19], [34960, 19], [35213, 19], [35216, 19], [39309, 19], [39310, 19], [39311, 19], [39312, 19], [39565, 19], [39568, 19], [39821, 19], [39822, 19], [39823, 19], [39824, 19], [78218, 19]],
		"removed": [[17804, 1], [38797, 1], [52877, 1], [57229, 1], [57485, 1]],
		"furnaces": []},
		{"pos": [32, -176],
		"orientations": [],
		"added": [[74122, 19], [74377, 19], [74633, 19], [74889, 19], [75142, 19], [75143, 19], [75144, 19], [75145, 19], [78730, 19], [78985, 19], [78986, 19], [79241, 19], [79497, 19], [79753, 19]],
		"removed": [[74634, 1], [78987, 1], [79243, 1]],
		"furnaces": []},
		{"pos": [48, -192],
		"orientations": [],
		"added": [[9098, 19]],
		"removed": [[20365, 1]],
		"furnaces": []},
		{"pos": [48, -176],
		"orientations": [],