{
	"seed": 123456,
	"game_mode": 1,
	"debug_mode": true,
	"f5_mode": false,
	"outline": true,
	"render_distance": 10,
	"camera": {
		"pos": {"x": 26.862335, "y": 29.444118, "z": 16.620001},
		"dir": {"x": 0.826626, "y": 0.542994, "z": -0.147809},
		"fov": 60.000000,
		"health_points": 16,
		"touch_ground": true
	},
	"inventory": {
		"slot": 2,
		"content": [[96, 4], [24, 54], [20, 3], [0, 0], [0, 0], [0, 0], [0, 0], [0, 0], [0, 0]],
		"backpack": [[2, 16], [98, 29], [80, 2], [0, 0], [0, 0], [0, 0], [0, 0], [0, 0], [0, 0], [0, 0], [0, 0], [0, 0], [0, 0], [0, 0], [0, 0], [91, 1], [0, 0], [0, 0], [0, 0], [0, 0], [0, 0], [0, 0], [0, 0], [0, 0], [0, 0], [0, 0], [0, 0]],
		"durabilities": [
			{"location": 24, "dura": 232, "max_dura": 250}
		]
	},
	"backups": [
		{"pos": [16, 16],
		"orientations": [],
		"added": [[73231, 24],[77839, 24],[77840, 24]],
		"removed": [[36623, 1]],
		"furnaces": []},
		{"pos": [16, 32],
		"orientations": [[51727, 0],[65295, 0]],
		"added": [[51727, 9],[65295, 8],[69391, 20]],
		"removed": [[32527, 1],[32783, 1],[33039, 1],[33295, 1],[33551, 1],[33807, 1],[34063, 1],[34319, 1],[34575, 1],[34831, 1],[35087, 1],[35343, 1],[35599, 1],[37647, 1],[37903, 1],[38159, 1],[38415, 1],[38671, 1]],
		"furnaces": [{"pos": 51727, "composant": [96, 4], "fuel": [20, 5], "production": [0, 0]}]},
		{"pos": [32, 16],
		"orientations": [],
		"added": [[8463, 20],[8719, 24]],
		"removed": [],
		"furnaces": []}]
}