{
	"seed": 1696521349,
	"game_mode": 1,
	"debug_mode": true,
	"f5_mode": false,
	"outline": true,
	"render_distance": 10,
	"camera": {
		"pos": {"x": 21.801579, "y": 57.065220, "z": 98.620003},
		"yaw": 94.381348,
		"pitch": -1.666007,
		"fov": 65.000000,
		"health_points": 20,
		"touch_ground": true
	},
	"inventory": {
		"slot": 1,
		"content": [[17, 8], [0, 0], [0, 0], [0, 0], [0, 0], [0, 0], [0, 0], [0, 0], [0, 0]],
		"backpack": [[0, 0], [0, 0], [19, 4], [0, 0], [0, 0], [0, 0], [0, 0], [0, 0], [0, 0], [0, 0], [0, 0], [0, 0], [0, 0], [0, 0], [0, 0], [0, 0], [0, 0], [0, 0], [0, 0], [0, 0], [0, 0], [0, 0], [0, 0], [0, 0], [0, 0], [0, 0], [0, 0]],
		"durabilities": [
		]
	},
	"backups": [
		{"pos": [16, 48],
		"orientations": [],
		"added": [[26722, 21], [31073, 52], [31329, 19], [31330, 21], [31331, 21], [35938, 21]],
		"removed": [[22370, 1], [25953, 1], [26209, 1], [30561, 1], [30817, 1], [31586, 1], [34913, 1], [35169, 1], [35425, 1], [54369, 1]],
		"furnaces": []}
	]
}