{
	"seed": 1699451855,
	"game_mode": 1,
	"debug_mode": true,
	"f5_mode": false,
	"outline": true,
	"render_distance": 10,
	"dayCycle": {"day": 0, "hour": 8, "minute": 32, "light": 15, "state": 0},
	"camera": {
		"pos": {"x": -85.454605, "y": -91.972397, "z": 93.000000},
		"yaw": 147.909622,
		"pitch": -10.474295,
		"fov": 70.000000,
		"health_points": 20,
		"touch_ground": true
	},
	"inventory": {
		"slot": 1,
		"content": [[89, 1], [8, 1], [0, 0], [0, 0], [0, 0], [0, 0], [0, 0], [0, 0], [0, 0]],
		"backpack": [[0, 0], [80, 2], [26, 11], [0, 0], [0, 0], [0, 0], [0, 0], [0, 0], [0, 0], [0, 0], [0, 0], [0, 0], [0, 0], [0, 0], [0, 0], [0, 0], [0, 0], [0, 0], [0, 0], [0, 0], [0, 0], [0, 0], [0, 0], [0, 0], [0, 0], [0, 0], [0, 0]],
		"durabilities": [
			{"location": 0, "dura": 59, "max_dura": 59}
		]
	},
	"backups": [
		{"pos": [-96, -96],
		"orientations": [],
		"added": [],
		"removed": [[34141], [47452], [47453], [47454], [51546], [51547], [51548], [51549], [51550], [55644], [59740]],
		"furnaces": []}
	]
}