{
	"seed": 1696439545,
	"game_mode": 1,
	"debug_mode": true,
	"f5_mode": false,
	"outline": true,
	"render_distance": 10,
	"camera": {
		"pos": {"x": -46.163979, "y": 73.782951, "z": 68.620003},
		"yaw": 173.599899,
		"pitch": 2.999996,
		"fov": 60.000000,
		"health_points": 18,
		"touch_ground": true
	},
	"inventory": {
		"slot": 4,
		"content": [[0, 0], [23, 6], [0, 0], [0, 0], [0, 0], [0, 0], [0, 0], [0, 0], [0, 0]],
		"backpack": [[0, 0], [0, 0], [0, 0], [0, 0], [0, 0], [0, 0], [0, 0], [0, 0], [0, 0], [0, 0], [0, 0], [0, 0], [0, 0], [0, 0], [0, 0], [0, 0], [0, 0], [0, 0], [0, 0], [0, 0], [0, 0], [0, 0], [0, 0], [0, 0], [0, 0], [0, 0], [0, 0]],
		"durabilities": [
		]
	},
	"backups": [
		{"pos": [-64, 64],
		"orientations": [],
		"added": [],
		"removed": [[77123, 1], [77379, 1], [77635, 1], [81987, 1], [82243, 1]],
		"furnaces": []},
		{"pos": [-48, 64],
		"orientations": [],
		"added": [],
		"removed": [[3395, 1], [3651, 1], [3907, 1], [8259, 1], [8515, 1], [13123, 1]],
		"furnaces": []}
	]
}