{
	"seed": 1707832096,
	"game_mode": 1,
	"debug_mode": false,
	"f5_mode": false,
	"outline": true,
	"flat_world": 0,
	"dayCycle": {"day": 0, "ticks": 4381},
	"camera": {
		"pos": {"x": 180.602036, "y": -21.400734, "z": 79.000000},
		"spawnpoint": {"x": 1.000000, "y": -2.000000, "z": 66.000000},
		"yaw": -96.592133,
		"pitch": -4.805327,
		"health_points": 20,
		"foodLevel": 20,
		"foodSaturation": 12.000000,
		"touch_ground": true
	},
	"inventory": {
		"slot": 1,
		"content": [[25, 4, 0], [106, 1, 126], [28, 5, 0], [0, 0, 0], [0, 0, 0], [0, 0, 0], [0, 0, 0], [0, 0, 0], [0, 0, 0]],
		"backpack": [[73, 1, 0], [34, 17, 0], [96, 28, 0], [0, 0, 0], [0, 0, 0], [0, 0, 0], [0, 0, 0], [0, 0, 0], [0, 0, 0], [0, 0, 0], [0, 0, 0], [0, 0, 0], [0, 0, 0], [0, 0, 0], [0, 0, 0], [0, 0, 0], [0, 0, 0], [0, 0, 0], [0, 0, 0], [105, 1, 56], [0, 0, 0], [0, 0, 0], [0, 0, 0], [0, 0, 0], [0, 0, 0], [0, 0, 0], [0, 0, 0]]
	},
	"backups": [
		{"pos": [160, -48], 
		"added": [[15199, 1]],
		"removed": [[6498], [6754], [7010], [7011], [7266], [7267], [7522], [10594], [10850], [10851], [10852], [11106], [11108], [11364], [11618], [14690], [14946], [14947], [14948], [15200], [15201], [15202], [15203], [15204], [15205], [15459], [15460], [15461], [15715], [18786], [18787], [19042], [19043], [19298], [19299], [19301], [19554], [19556], [19810], [19811], [22882], [22883], [23138], [23395], [23650], [23651], [23906]]},
		{"pos": [160, -32], 
		"added": [[29278, 1]],
		"removed": [[20577], [20833], [20834], [21089], [21090], [21346], [21601], [21602], [24673], [24674], [24930], [24931], [25185], [25186], [25187], [25188], [25441], [25443], [25697], [25698], [28769], [28770], [29023], [29025], [29026], [29028], [29279], [29280], [29281], [29282], [29283], [29284], [29537], [29539], [29540], [29793], [32865], [32866], [33121], [33122], [33123], [33377], [33378], [33379], [33380], [33634], [33635], [33889], [33890], [36961], [37217], [37218], [37473], [37474], [37729], [37730], [37985], [37986]]},
		{"pos": [176, -32], 
		"added": [[18783, 520]],
		"removed": [[19023], [19024], [19033], [19034], [19035], [19036], [19037], [19038], [19039], [19040], [19041], [19042]]}
	]
}