{
	"seed": 1698598149,
	"game_mode": 0,
	"debug_mode": true,
	"f5_mode": false,
	"outline": true,
	"render_distance": 10,
	"dayCycle": {"day": 1, "hour": 9, "minute": 14, "light": 15, "state": 0},
	"camera": {
		"pos": {"x": 268.442322, "y": 327.951935, "z": 37.944904},
		"yaw": -93.567581,
		"pitch": 86.513885,
		"fov": 70.000000,
		"health_points": 20,
		"touch_ground": true
	},
	"inventory": {
		"slot": 1,
		"content": [[17, 2], [19, 1], [0, 0], [0, 0], [0, 0], [57, 2], [0, 0], [0, 0], [0, 0]],
		"backpack": [[0, 0], [0, 0], [0, 0], [0, 0], [0, 0], [0, 0], [0, 0], [0, 0], [0, 0], [0, 0], [0, 0], [0, 0], [0, 0], [0, 0], [0, 0], [0, 0], [0, 0], [0, 0], [0, 0], [0, 0], [0, 0], [0, 0], [0, 0], [0, 0], [0, 0], [0, 0], [0, 0]],
		"durabilities": [
		]
	},
	"backups": [
		{"pos": [208, 320],
		"orientations": [],
		"added": [[19984, 57], [63759, 57]],
		"removed": [],
		"furnaces": []},
		{"pos": [224, 336],
		"orientations": [],
		"added": [[62222, 57]],
		"removed": [],
		"furnaces": []},
		{"pos": [256, 320],
		"orientations": [],
		"added": [],
		"removed": [[50969], [50970], [50971], [50972], [50973], [50974], [50975], [50976], [50977], [50978], [50979], [50980], [50981], [50982], [50983], [50984], [50985], [50986], [50987], [50988], [50989], [50990], [50991], [50992], [50993], [50994], [50995], [50996], [50997], [50998], [50999], [51000], [51001], [51002], [51003], [51004], [51005], [51006], [51007], [51008], [51009], [51010], [51011], [51012], [51013], [51014], [51015], [51016], [51017], [51018], [51019], [51020], [51021], [51022], [51023], [51024], [51025], [51026], [51027], [51028], [51029], [51030], [51031], [51032], [51033], [51034], [51035], [51036], [51037], [51038], [51039], [51040], [51041], [51042], [51043], [51044], [51045], [51046], [51047], [51048], [51049], [51050], [51051], [51052]],
		"furnaces": []}
	]
}