{
	"seed": 123456,
	"game_mode": 1,
	"debug_mode": true,
	"f5_mode": false,
	"outline": true,
	"render_distance": 10,
	"camera": {
		"pos": {"x": 41.274082, "y": 99.421654, "z": 117.000000},
		"yaw": -0.500283,
		"pitch": -3.799258,
		"fov": 70.000000,
		"health_points": 18,
		"touch_ground": true
	},
	"inventory": {
		"slot": 3,
		"content": [[90, 1], [21, 1], [17, 8], [57, 4], [20, 64], [9, 1], [8, 1], [20, 60], [0, 0]],
		"backpack": [[0, 0], [0, 0], [26, 5], [80, 1], [96, 23], [0, 0], [0, 0], [0, 0], [0, 0], [0, 0], [0, 0], [20, 64], [0, 0], [0, 0], [0, 0], [0, 0], [0, 0], [0, 0], [0, 0], [0, 0], [0, 0], [0, 0], [0, 0], [0, 0], [0, 0], [0, 0], [0, 0]],
		"durabilities": [
			{"location": 0, "dura": 9, "max_dura": 131}
		]
	},
	"backups": [
		{"pos": [32, 64],
		"orientations": [[47761, 0]],
		"added": [[47761, 8]],
		"removed": [[40074], [40075], [40076], [40330], [40331], [40332], [40586], [40587], [40588], [40842], [40843], [40844], [43152], [43153], [43407], [43408], [43409], [43662], [43663], [43664], [43917], [43918], [43919], [44172], [44173], [44174], [44427], [44428], [44429], [44682], [44683], [44684], [44938], [44939], [44940], [45194], [45195], [45196], [45450], [45451], [45452], [45705], [45706], [45707], [45960], [45961], [45962], [47249], [49290], [49291], [49292], [49546], [49547], [49548], [49802], [49803], [49804], [50058], [50059], [50060], [56979], [57235], [57236], [57237], [57489], [57490], [57491], [57492], [57493], [57494], [57750]],
		"furnaces": []},
		{"pos": [32, 80],
		"orientations": [],
		"added": [],
		"removed": [[19586], [19840], [19841], [19842], [24194], [24448], [24449], [24450], [24451], [24705], [24707], [29057], [29058], [29059], [29313], [29314], [29315], [29316], [29570], [29572], [33666], [33667], [33922], [33923], [33924], [34178], [34179], [34180], [34181], [34435], [34436], [34437], [38275], [38276], [38531], [38532], [38533], [38787], [38788], [38789], [39042], [39043], [39044], [39045], [39300], [40572], [41609], [41610], [41611], [41864], [41865], [41866], [42119], [42120], [42121], [42374], [42375], [42376], [42629], [42630], [42631], [42884], [42885], [42886], [43139], [43140], [43141], [43394], [43395], [43396], [43649], [43650], [43651], [43904], [43905], [43906], [44159], [44160], [44161], [44414], [44415], [44416], [44669], [44670], [44671], [44924], [44925], [44926], [45179], [45180], [45181], [45434], [45435], [45436], [45689], [45690], [45691], [45944], [45945], [45946], [49788]],
		"furnaces": []},
		{"pos": [32, 96],
		"orientations": [],
		"added": [],
		"removed": [[41593], [41594], [41595], [41848], [41849], [41850], [42103], [42104], [42105], [42358], [42359], [42360], [42613], [42614], [42615], [42868], [42869], [42870], [43123], [43124], [43125], [43378], [43379], [43380], [43633], [43634], [43635], [43888], [43889], [43890], [44143], [44144], [44145], [44398], [44399], [44400], [44653], [44654], [44655], [44908], [44909], [44910], [45163], [45164], [45165], [45418], [45419], [45420], [45673], [45674], [45675], [45928], [45929], [45930], [47221], [47222], [51829], [51830], [56437], [56438], [61045], [61046], [65653], [65654], [70261], [70262], [74869], [74870], [79477], [79478]],
		"furnaces": []},
		{"pos": [32, 112],
		"orientations": [],
		"added": [],
		"removed": [[41304], [41305], [41306], [41577], [41578], [41579], [41832], [41833], [41834], [42087], [42088], [42089], [42342], [42343], [42344], [42597], [42598], [42599], [42852], [42853], [42854], [43107], [43108], [43109], [43362], [43363], [43364], [43617], [43618], [43619], [43872], [43873], [43874], [44127], [44128], [44129], [44382], [44383], [44384], [44637], [44638], [44639], [44892], [44893], [44894], [45147], [45148], [45149], [45402], [45403], [45404], [45657], [45658], [45659], [45912], [45913], [45914], [50520], [50521], [50522]],
		"furnaces": []},
		{"pos": [32, 128],
		"orientations": [],
		"added": [[37208, 21], [37464, 21], [37722, 21], [42072, 21], [42330, 21], [46424, 21], [46680, 21], [46938, 21]],
		"removed": [[28762], [33113], [33114], [37209], [37210], [37465], [37466], [41561], [41562], [41563], [41816], [41817], [41818], [42073], [42074], [46425], [46426], [46681], [46682]],
		"furnaces": []},
		{"pos": [48, 96],
		"orientations": [],
		"added": [],
		"removed": [[1141], [1142], [5749], [5750]],
		"furnaces": []}
	]
}