{
	"seed": 123456,
	"game_mode": 1,
	"debug_mode": true,
	"f5_mode": false,
	"outline": true,
	"render_distance": 10,
	"camera": {
		"pos": {"x": 40.454002, "y": 128.091141, "z": 89.620003},
		"yaw": 89.999680,
		"pitch": -4.699219,
		"fov": 60.000000,
		"health_points": 18,
		"touch_ground": true
	},
	"inventory": {
		"slot": 0,
		"content": [[90, 1], [21, 1], [17, 8], [96, 24], [20, 64], [9, 1], [8, 1], [20, 58], [0, 0]],
		"backpack": [[0, 0], [0, 0], [26, 5], [80, 2], [0, 0], [0, 0], [0, 0], [0, 0], [0, 0], [0, 0], [0, 0], [20, 64], [0, 0], [0, 0], [0, 0], [0, 0], [0, 0], [0, 0], [0, 0], [0, 0], [0, 0], [0, 0], [0, 0], [0, 0], [0, 0], [0, 0], [0, 0]],
		"durabilities": [
			{"location": 0, "dura": 11, "max_dura": 131}
		]
	},
	"backups": [
		{"pos": [32, 64],
		"orientations": [[47761, 0]],
		"added": [[47761, 8]],
		"removed": [[40074, 1], [40075, 1], [40076, 1], [40330, 1], [40331, 1], [40332, 1], [40586, 1], [40587, 1], [40588, 1], [40842, 1], [40843, 1], [40844, 1], [43152, 1], [43153, 1], [43407, 1], [43408, 1], [43409, 1], [43662, 1], [43663, 1], [43664, 1], [43917, 1], [43918, 1], [43919, 1], [44172, 1], [44173, 1], [44174, 1], [44427, 1], [44428, 1], [44429, 1], [44682, 1], [44683, 1], [44684, 1], [44938, 1], [44939, 1], [44940, 1], [45194, 1], [45195, 1], [45196, 1], [45450, 1], [45451, 1], [45452, 1], [45705, 1], [45706, 1], [45707, 1], [45960, 1], [45961, 1], [45962, 1], [47249, 1], [49290, 1], [49291, 1], [49292, 1], [49546, 1], [49547, 1], [49548, 1], [49802, 1], [49803, 1], [49804, 1], [50058, 1], [50059, 1], [50060, 1], [56979, 1], [57235, 1], [57236, 1], [57237, 1], [57489, 1], [57490, 1], [57491, 1], [57492, 1], [57493, 1], [57494, 1], [57750, 1]],
		"furnaces": []},
		{"pos": [32, 80],
		"orientations": [],
		"added": [],
		"removed": [[19586, 1], [19840, 1], [19841, 1], [19842, 1], [24194, 1], [24448, 1], [24449, 1], [24450, 1], [24451, 1], [24705, 1], [24707, 1], [29057, 1], [29058, 1], [29059, 1], [29313, 1], [29314, 1], [29315, 1], [29316, 1], [29570, 1], [29572, 1], [33666, 1], [33667, 1], [33922, 1], [33923, 1], [33924, 1], [34178, 1], [34179, 1], [34180, 1], [34181, 1], [34435, 1], [34436, 1], [34437, 1], [38275, 1], [38276, 1], [38531, 1], [38532, 1], [38533, 1], [38787, 1], [38788, 1], [38789, 1], [39042, 1], [39043, 1], [39044, 1], [39045, 1], [39300, 1], [40572, 1], [41609, 1], [41610, 1], [41611, 1], [41864, 1], [41865, 1], [41866, 1], [42119, 1], [42120, 1], [42121, 1], [42374, 1], [42375, 1], [42376, 1], [42629, 1], [42630, 1], [42631, 1], [42884, 1], [42885, 1], [42886, 1], [43139, 1], [43140, 1], [43141, 1], [43394, 1], [43395, 1], [43396, 1], [43649, 1], [43650, 1], [43651, 1], [43904, 1], [43905, 1], [43906, 1], [44159, 1], [44160, 1], [44161, 1], [44414, 1], [44415, 1], [44416, 1], [44669, 1], [44670, 1], [44671, 1], [44924, 1], [44925, 1], [44926, 1], [45179, 1], [45180, 1], [45181, 1], [45434, 1], [45435, 1], [45436, 1], [45689, 1], [45690, 1], [45691, 1], [45944, 1], [45945, 1], [45946, 1], [49788, 1]],
		"furnaces": []},
		{"pos": [32, 96],
		"orientations": [],
		"added": [],
		"removed": [[41593, 1], [41594, 1], [41595, 1], [41848, 1], [41849, 1], [41850, 1], [42103, 1], [42104, 1], [42105, 1], [42358, 1], [42359, 1], [42360, 1], [42613, 1], [42614, 1], [42615, 1], [42868, 1], [42869, 1], [42870, 1], [43123, 1], [43124, 1], [43125, 1], [43378, 1], [43379, 1], [43380, 1], [43633, 1], [43634, 1], [43635, 1], [43888, 1], [43889, 1], [43890, 1], [44143, 1], [44144, 1], [44145, 1], [44398, 1], [44399, 1], [44400, 1], [44653, 1], [44654, 1], [44655, 1], [44908, 1], [44909, 1], [44910, 1], [45163, 1], [45164, 1], [45165, 1], [45418, 1], [45419, 1], [45420, 1], [45673, 1], [45674, 1], [45675, 1], [45928, 1], [45929, 1], [45930, 1]],
		"furnaces": []},
		{"pos": [32, 112],
		"orientations": [],
		"added": [],
		"removed": [[41304, 1], [41305, 1], [41306, 1], [41577, 1], [41578, 1], [41579, 1], [41832, 1], [41833, 1], [41834, 1], [42087, 1], [42088, 1], [42089, 1], [42342, 1], [42343, 1], [42344, 1], [42597, 1], [42598, 1], [42599, 1], [42852, 1], [42853, 1], [42854, 1], [43107, 1], [43108, 1], [43109, 1], [43362, 1], [43363, 1], [43364, 1], [43617, 1], [43618, 1], [43619, 1], [43872, 1], [43873, 1], [43874, 1], [44127, 1], [44128, 1], [44129, 1], [44382, 1], [44383, 1], [44384, 1], [44637, 1], [44638, 1], [44639, 1], [44892, 1], [44893, 1], [44894, 1], [45147, 1], [45148, 1], [45149, 1], [45402, 1], [45403, 1], [45404, 1], [45657, 1], [45658, 1], [45659, 1], [45912, 1], [45913, 1], [45914, 1], [50520, 1], [50521, 1], [50522, 1]],
		"furnaces": []},
		{"pos": [32, 128],
		"orientations": [],
		"added": [[37208, 21], [37464, 21], [37722, 21], [42072, 21], [42330, 21], [46424, 21], [46680, 21], [46938, 21]],
		"removed": [[28762, 1], [33113, 1], [33114, 1], [37209, 1], [37210, 1], [37465, 1], [37466, 1], [41561, 1], [41562, 1], [41563, 1], [41816, 1], [41817, 1], [41818, 1], [42073, 1], [42074, 1], [46425, 1], [46426, 1], [46681, 1], [46682, 1]],
		"furnaces": []}
	]
}