{
	"seed": 1942,
	"game_mode": 0,
	"debug_mode": true,
	"f5_mode": false,
	"outline": true,
	"flat_world": 31,
	"dayCycle": {"day": 0, "ticks": 11188},
	"camera": {
		"pos": {"x": 5.166951, "y": 11.989369, "z": 15.625546},
		"spawnpoint": {"x": 1.000000, "y": -2.000000, "z": 66.000000},
		"yaw": 81.431992,
		"pitch": -25.691000,
		"health_points": 20,
		"foodLevel": 20,
		"foodSaturation": 20.000000,
		"touch_ground": true
	},
	"inventory": {
		"slot": 6,
		"content": [[22, 1, 0], [75, 1, 0], [77, 1, 0], [37, 1, 0], [111, 1, 0], [78, 1, 0], [44, 1, 0], [35, 1, 0], [76, 1, 0]],
		"backpack": [[47, 1, 0], [38, 1, 0], [39, 1, 0], [0, 0, 0], [0, 0, 0], [27, 1, 0], [43, 1, 0], [34, 1, 0], [1, 1, 0], [0, 0, 0], [0, 0, 0], [0, 0, 0], [0, 0, 0], [0, 0, 0], [0, 0, 0], [0, 0, 0], [0, 0, 0], [0, 0, 0], [0, 0, 0], [0, 0, 0], [0, 0, 0], [0, 0, 0], [0, 0, 0], [0, 0, 0], [0, 0, 0], [0, 0, 0], [0, 0, 0]]
	},
	"backups": [
		{"pos": [0, 16], 
		"added": [[26634, 287], [26635, 1032], [30731, 79], [35083, 79], [39435, 79], [43018, 31], [43787, 79], [46858, 31], [47114, 31], [48139, 79], [51722, 31], [52491, 79]],
		"removed": [[42763], [43019], [46859], [47115], [51723], [56843]],
		"chests": [{"pos": 30731, "orientation": 0, "content": [[0, 0, 0], [1, 1, 0], [2, 1, 0], [3, 1, 0], [0, 0, 0], [0, 0, 0], [6, 1, 0], [0, 0, 0], [0, 0, 0], [8, 1, 0], [9, 1, 0], [10, 1, 0], [0, 0, 0], [12, 1, 0], [13, 1, 0], [14, 1, 0], [0, 0, 0], [0, 0, 0], [16, 1, 0], [0, 0, 0], [18, 1, 0], [0, 0, 0], [20, 1, 0], [0, 0, 0], [22, 1, 0], [0, 0, 0], [0, 0, 0]]}, {"pos": 35083, "orientation": 0, "content": [[24, 1, 0], [25, 1, 0], [26, 1, 0], [27, 1, 0], [28, 1, 0], [29, 1, 0], [30, 1, 0], [31, 1, 0], [0, 0, 0], [32, 1, 0], [33, 1, 0], [34, 1, 0], [35, 1, 0], [36, 1, 0], [37, 1, 0], [38, 1, 0], [39, 1, 0], [0, 0, 0], [40, 1, 0], [41, 1, 0], [42, 1, 0], [43, 1, 0], [44, 1, 0], [45, 1, 0], [46, 1, 0], [47, 1, 0], [0, 0, 0]]}, {"pos": 39435, "orientation": 0, "content": [[48, 1, 0], [0, 0, 0], [50, 1, 0], [51, 1, 0], [0, 0, 0], [53, 1, 0], [0, 0, 0], [55, 1, 0], [0, 0, 0], [0, 0, 0], [57, 1, 0], [0, 0, 0], [0, 0, 0], [0, 0, 0], [0, 0, 0], [0, 0, 0], [0, 0, 0], [0, 0, 0], [64, 1, 0], [65, 1, 0], [66, 1, 0], [67, 1, 0], [68, 1, 0], [69, 1, 0], [70, 1, 0], [71, 1, 0], [0, 0, 0]]}, {"pos": 43787, "orientation": 0, "content": [[72, 1, 0], [73, 1, 0], [74, 1, 0], [75, 1, 0], [76, 1, 0], [77, 1, 0], [78, 1, 0], [79, 1, 0], [0, 0, 0], [0, 0, 0], [0, 0, 0], [0, 0, 0], [0, 0, 0], [0, 0, 0], [0, 0, 0], [0, 0, 0], [0, 0, 0], [0, 0, 0], [0, 0, 0], [0, 0, 0], [0, 0, 0], [0, 0, 0], [0, 0, 0], [0, 0, 0], [0, 0, 0], [0, 0, 0], [0, 0, 0]]}, {"pos": 48139, "orientation": 0, "content": [[96, 1, 0], [97, 1, 59], [98, 1, 59], [99, 1, 59], [100, 1, 59], [101, 1, 59], [102, 1, 59], [103, 1, 59], [0, 0, 59], [104, 1, 59], [105, 1, 59], [106, 1, 59], [107, 1, 59], [108, 1, 59], [109, 1, 59], [110, 1, 0], [0, 0, 0], [0, 0, 0], [112, 1, 0], [113, 1, 0], [114, 0, 0], [115, 1, 0], [116, 1, 0], [117, 1, 0], [118, 1, 59], [119, 1, 59], [0, 0, 0]]}, {"pos": 52491, "orientation": 0, "content": [[120, 1, 59], [121, 1, 59], [122, 1, 0], [123, 1, 0], [124, 1, 0], [125, 1, 0], [126, 1, 0], [127, 1, 0], [0, 0, 0], [0, 0, 0], [0, 0, 0], [0, 0, 0], [0, 0, 0], [0, 0, 0], [0, 0, 0], [0, 0, 0], [0, 0, 0], [0, 0, 0], [0, 0, 0], [0, 0, 0], [0, 0, 0], [0, 0, 0], [0, 0, 0], [0, 0, 0], [0, 0, 0], [0, 0, 0], [0, 0, 0]]}]}
	]
}