{
	"seed": 1942,
	"game_mode": 0,
	"debug_mode": true,
	"f5_mode": false,
	"outline": true,
	"flat_world": 31,
	"dayCycle": {"day": 0, "ticks": 7507},
	"camera": {
		"pos": {"x": 3.273760, "y": -14.692489, "z": 20.130068},
		"spawnpoint": {"x": 1.000000, "y": -2.000000, "z": 66.000000},
		"yaw": 79.881195,
		"pitch": -44.965275,
		"health_points": 20,
		"foodLevel": 20,
		"foodSaturation": 20.000000,
		"touch_ground": true
	},
	"inventory": {
		"slot": 3,
		"content": [[22, 1, 0], [75, 1, 0], [76, 1, 0], [37, 1, 0], [77, 1, 0], [78, 1, 0], [44, 1, 0], [111, 1, 0], [31, 1, 0]],
		"backpack": [[47, 1, 0], [38, 1, 0], [39, 1, 0], [43, 1, 0], [0, 0, 0], [0, 0, 0], [0, 0, 0], [0, 0, 0], [1, 1, 0], [0, 0, 0], [0, 0, 0], [0, 0, 0], [0, 0, 0], [35, 1, 0], [0, 0, 0], [0, 0, 0], [0, 0, 0], [0, 0, 0], [0, 0, 0], [0, 0, 0], [0, 0, 0], [0, 0, 0], [0, 0, 0], [27, 1, 0], [0, 0, 0], [0, 0, 0], [34, 1, 0]]
	},
	"backups": [
		{"pos": [-64, -16], 
		"added": [[38666, 27], [38922, 27], [39178, 27], [39434, 27], [39690, 27], [39946, 27], [40202, 27], [40458, 27], [40714, 27], [42762, 27], [44810, 27], [46858, 27], [48906, 27], [50954, 27], [53002, 27], [55050, 27], [56076, 197157], [56077, 69654], [57098, 27], [59146, 27], [60170, 287], [60171, 131116], [60172, 1357905996], [61194, 27], [63242, 27], [64266, 287], [64267, 131116], [64268, 1356857420], [65290, 27]]},
		{"pos": [-64, 0], 
		"added": [[43273, 287], [43274, 27], [43529, 287], [43530, 27], [43785, 287], [43786, 27], [44041, 287], [44042, 27], [47881, 287], [47882, 27], [50185, 287], [50186, 27], [51721, 287], [51722, 27], [54281, 287], [54282, 27], [55561, 287], [55562, 27], [55817, 287], [55818, 27], [56073, 287], [56074, 27], [56329, 287], [56330, 27], [57609, 287], [57610, 27], [57865, 287], [57866, 27], [58121, 287], [58122, 27], [58377, 287], [58378, 27], [58633, 799], [58634, 27], [58889, 287], [58890, 27], [59145, 287], [59146, 27], [61961, 287], [61962, 27], [62217, 287], [62218, 27], [62473, 287], [62474, 27], [62729, 287], [62730, 27], [62985, 287], [62986, 27], [63753, 287], [63754, 27], [64009, 287], [64010, 27], [64265, 287], [64266, 27], [64521, 287], [64522, 27]]},
		{"pos": [-48, -32], 
		"added": [[44298, 27], [44554, 27], [44810, 27], [48394, 27], [52490, 27], [53001, 287], [56586, 27], [60682, 27], [64778, 27]]},
		{"pos": [-48, -16], 
		"added": [[1802, 27], [2825, 287], [2828, 131116], [3850, 27], [5898, 27], [6924, 66635], [7946, 27], [9994, 27], [10761, 287], [11020, 37], [12042, 27], [14090, 27], [16138, 27], [18186, 27], [20234, 27], [22282, 27], [24330, 27], [26378, 27], [26634, 27], [26890, 27], [27146, 27], [27402, 27], [27658, 27], [27914, 27], [28170, 27], [28426, 27], [40970, 27], [41226, 27], [41482, 27], [41738, 27], [41994, 27], [42250, 27], [42761, 287], [42762, 27], [43018, 27], [43274, 27], [43530, 27], [43786, 27], [44042, 27], [44298, 27], [44554, 27], [44810, 27], [46346, 27], [46858, 27], [49161, 287], [49417, 287], [49673, 287], [50442, 27], [50954, 27], [53260, 37], [53261, 5142], [53772, 37], [53773, 5142], [54538, 27], [55050, 27], [55564, 37], [55565, 4118], [56588, 37], [56589, 4118], [57354, 287], [57355, 44], [57356, 1342177356], [57866, 287], [57867, 44], [57868, 1342177356], [58634, 27], [59146, 27], [59657, 287], [59658, 799], [59659, 44], [59660, 1342177356], [59913, 799], [60169, 287], [60682, 287], [60683, 44], [60684, 1342177356], [61450, 287], [61451, 44], [61452, 1342177356], [61962, 287], [61963, 44], [61964, 1342177356], [62730, 27], [63242, 27], [63754, 287], [63755, 44], [63756, 1342177356], [64778, 287], [64779, 44], [64780, 1342177356]]},
		{"pos": [-48, 0], 
		"added": [[777, 287], [778, 27], [1033, 287], [1034, 27], [1289, 287], [1290, 27], [2313, 287], [2314, 27], [3081, 287], [3082, 27], [5129, 287], [5130, 27], [6409, 287], [6410, 27], [6665, 287], [6666, 27], [6921, 287], [6922, 27], [7177, 287], [7178, 27], [8969, 287], [8970, 27], [9225, 287], [9226, 27], [9481, 287], [9482, 27], [13321, 287], [13322, 27], [15369, 287], [15370, 27], [17417, 287], [17418, 27], [18697, 287], [18698, 27], [18953, 287], [18954, 27], [19209, 287], [19210, 27], [19465, 287], [19466, 27], [23561, 287], [23562, 27], [40970, 27], [41226, 27], [45322, 27], [45833, 287], [46089, 287], [46345, 287], [46601, 287], [46857, 287], [47369, 287], [47370, 27], [47625, 287], [47626, 27], [47881, 287], [47882, 27], [49418, 27], [49929, 287], [50185, 287], [50441, 287], [50697, 287], [50953, 287], [51721, 287], [51722, 27], [52233, 287], [52234, 27], [53514, 27], [54025, 287], [54281, 287], [54282, 27], [54537, 799], [54793, 287], [54794, 27], [55561, 287], [55562, 27], [55817, 287], [55818, 27], [56073, 287], [56074, 27], [57610, 27], [58121, 799], [58377, 799], [58378, 27], [58633, 799], [58889, 799], [58890, 27], [59145, 287], [61706, 27], [62217, 287], [62473, 287], [62474, 27], [62729, 287], [62985, 287], [62986, 27], [63241, 287], [63753, 287], [63754, 27], [64009, 287], [64010, 27], [64265, 287], [64266, 27], [64521, 287], [64522, 27]]},
		{"pos": [-32, -32], 
		"added": [[3338, 27], [7434, 27], [11530, 27], [15626, 27], [19722, 27], [23818, 27], [27914, 27], [32010, 27], [32266, 27], [32522, 27]]},
		{"pos": [-32, -16], 
		"added": [[10, 287], [11, 44], [12, 1342177356], [524, 44], [1290, 27], [1802, 27], [2314, 287], [2315, 44], [2316, 1342177356], [3338, 287], [3339, 44], [3340, 1342177356], [4106, 287], [4107, 44], [4108, 1614], [4362, 287], [4363, 131116], [4364, 99614796], [4620, 1099], [5386, 27], [5898, 27], [6412, 44], [6668, 75], [6922, 287], [6923, 131116], [6924, 99614796], [7180, 587], [7436, 44], [8202, 287], [8203, 44], [8204, 1342177356], [9482, 27], [9994, 27], [10761, 287], [11019, 66635], [12298, 287], [12299, 44], [12300, 1342177356], [13578, 27], [14090, 27], [14857, 287], [15114, 287], [15115, 37], [16396, 37], [17674, 27], [18186, 27], [21770, 27], [22282, 27], [25866, 27], [26378, 27], [28682, 27], [28938, 27], [29194, 27], [29450, 27], [29706, 27], [29962, 27], [30473, 287], [30474, 27], [30730, 27], [30986, 27], [31242, 27], [31498, 27], [31754, 27], [32010, 27], [32266, 27], [32522, 27], [50954, 27], [51210, 27], [51466, 27], [51722, 27], [51978, 27], [52234, 27], [52490, 27], [55050, 27], [56586, 27], [59146, 27], [60682, 27], [63242, 27], [64778, 27]]},
		{"pos": [-32, 0], 
		"added": [[266, 27], [778, 27], [1033, 287], [1034, 27], [1289, 287], [1290, 27], [1545, 287], [1546, 27], [1802, 27], [2825, 287], [2826, 27], [4362, 27], [4874, 27], [5130, 27], [5385, 287], [5386, 27], [5642, 27], [5898, 27], [6665, 287], [6666, 27], [8458, 27], [9226, 27], [9481, 287], [9482, 27], [9738, 27], [10505, 287], [10506, 27], [10761, 287], [10762, 27], [11017, 287], [11018, 27], [11273, 287], [11274, 27], [12554, 27], [13577, 287], [13578, 27], [16650, 27], [17674, 27], [18697, 287], [18698, 27], [18953, 287], [18954, 27], [19209, 287], [19210, 27], [19465, 287], [19466, 27], [20746, 27], [21770, 27], [22793, 287], [22794, 27], [23561, 287], [23562, 27], [24842, 27], [27145, 287], [27146, 27], [27401, 287], [27402, 27], [28682, 27], [28938, 27]]},
		{"pos": [-16, -16],